model,repeat,fold,fold_index,auc,recall,precision,f1,accuracy,confusion_matrix
XGBoost,1,1,1,1.0,1.0,1.0,1.0,1.0,"[[9, 0], [0, 7]]"
LogisticRegression,1,1,1,0.9683,1.0,0.875,0.9333,0.9375,"[[8, 1], [0, 7]]"
XGBoost,1,2,2,0.5556,0.2857,0.5,0.3636,0.5625,"[[7, 2], [5, 2]]"
LogisticRegression,1,2,2,0.5556,0.2857,0.5,0.3636,0.5625,"[[7, 2], [5, 2]]"
XGBoost,1,3,3,0.7937,0.2857,1.0,0.4444,0.6875,"[[9, 0], [5, 2]]"
LogisticRegression,1,3,3,0.8254,0.5714,0.6667,0.6154,0.6875,"[[7, 2], [3, 4]]"
XGBoost,1,4,4,0.9683,0.8571,0.75,0.8,0.8125,"[[7, 2], [1, 6]]"
LogisticRegression,1,4,4,0.9683,0.8571,0.8571,0.8571,0.875,"[[8, 1], [1, 6]]"
XGBoost,1,5,5,0.8148,0.8333,0.7143,0.7692,0.8,"[[7, 2], [1, 5]]"
LogisticRegression,1,5,5,0.9074,0.8333,0.7143,0.7692,0.8,"[[7, 2], [1, 5]]"
XGBoost,2,1,6,0.7778,0.5714,0.8,0.6667,0.75,"[[8, 1], [3, 4]]"
LogisticRegression,2,1,6,0.8095,0.7143,0.7143,0.7143,0.75,"[[7, 2], [2, 5]]"
XGBoost,2,2,7,0.746,0.8571,0.6667,0.75,0.75,"[[6, 3], [1, 6]]"
LogisticRegression,2,2,7,0.8254,0.7143,0.5556,0.625,0.625,"[[5, 4], [2, 5]]"
XGBoost,2,3,8,0.7937,0.5714,0.8,0.6667,0.75,"[[8, 1], [3, 4]]"
LogisticRegression,2,3,8,0.746,0.5714,0.8,0.6667,0.75,"[[8, 1], [3, 4]]"
XGBoost,2,4,9,0.7778,0.5714,0.8,0.6667,0.75,"[[8, 1], [3, 4]]"
LogisticRegression,2,4,9,0.9206,0.8571,0.8571,0.8571,0.875,"[[8, 1], [1, 6]]"
XGBoost,2,5,10,0.9074,0.6667,1.0,0.8,0.8667,"[[9, 0], [2, 4]]"
LogisticRegression,2,5,10,0.9259,0.6667,0.6667,0.6667,0.7333,"[[7, 2], [2, 4]]"
XGBoost,3,1,11,0.8254,0.8571,0.8571,0.8571,0.875,"[[8, 1], [1, 6]]"
LogisticRegression,3,1,11,0.8889,0.7143,0.7143,0.7143,0.75,"[[7, 2], [2, 5]]"
XGBoost,3,2,12,0.9048,0.8571,0.8571,0.8571,0.875,"[[8, 1], [1, 6]]"
LogisticRegression,3,2,12,0.873,0.8571,0.6,0.7059,0.6875,"[[5, 4], [1, 6]]"
XGBoost,3,3,13,0.6984,0.5714,0.8,0.6667,0.75,"[[8, 1], [3, 4]]"
LogisticRegression,3,3,13,0.7778,0.2857,1.0,0.4444,0.6875,"[[9, 0], [5, 2]]"
XGBoost,3,4,14,0.7619,0.4286,0.6,0.5,0.625,"[[7, 2], [4, 3]]"
LogisticRegression,3,4,14,0.8889,0.5714,0.6667,0.6154,0.6875,"[[7, 2], [3, 4]]"
XGBoost,3,5,15,0.9444,1.0,0.75,0.8571,0.8667,"[[7, 2], [0, 6]]"
LogisticRegression,3,5,15,0.963,1.0,0.75,0.8571,0.8667,"[[7, 2], [0, 6]]"
XGBoost,4,1,16,1.0,1.0,0.7778,0.875,0.875,"[[7, 2], [0, 7]]"
LogisticRegression,4,1,16,1.0,1.0,1.0,1.0,1.0,"[[9, 0], [0, 7]]"
XGBoost,4,2,17,0.7778,0.7143,1.0,0.8333,0.875,"[[9, 0], [2, 5]]"
LogisticRegression,4,2,17,0.7778,0.4286,0.75,0.5455,0.6875,"[[8, 1], [4, 3]]"
XGBoost,4,3,18,0.7778,0.8571,0.6667,0.75,0.75,"[[6, 3], [1, 6]]"
LogisticRegression,4,3,18,0.8571,0.7143,0.625,0.6667,0.6875,"[[6, 3], [2, 5]]"
XGBoost,4,4,19,0.6984,0.5714,0.8,0.6667,0.75,"[[8, 1], [3, 4]]"
LogisticRegression,4,4,19,0.8254,0.7143,0.8333,0.7692,0.8125,"[[8, 1], [2, 5]]"
XGBoost,4,5,20,0.8333,0.6667,0.8,0.7273,0.8,"[[8, 1], [2, 4]]"
LogisticRegression,4,5,20,0.7963,0.6667,0.5714,0.6154,0.6667,"[[6, 3], [2, 4]]"
XGBoost,5,1,21,0.9048,1.0,0.6364,0.7778,0.75,"[[5, 4], [0, 7]]"
LogisticRegression,5,1,21,0.9841,1.0,0.5385,0.7,0.625,"[[3, 6], [0, 7]]"
XGBoost,5,2,22,0.6667,0.5714,0.8,0.6667,0.75,"[[8, 1], [3, 4]]"
LogisticRegression,5,2,22,0.6825,0.2857,0.6667,0.4,0.625,"[[8, 1], [5, 2]]"
XGBoost,5,3,23,0.8413,0.8571,0.8571,0.8571,0.875,"[[8, 1], [1, 6]]"
LogisticRegression,5,3,23,0.8571,0.8571,0.8571,0.8571,0.875,"[[8, 1], [1, 6]]"
XGBoost,5,4,24,0.8175,0.7143,0.625,0.6667,0.6875,"[[6, 3], [2, 5]]"
LogisticRegression,5,4,24,0.8413,0.5714,0.6667,0.6154,0.6875,"[[7, 2], [3, 4]]"
XGBoost,5,5,25,0.963,0.8333,0.8333,0.8333,0.8667,"[[8, 1], [1, 5]]"
LogisticRegression,5,5,25,0.9259,0.6667,0.8,0.7273,0.8,"[[8, 1], [2, 4]]"
XGBoost,6,1,26,0.746,0.5714,0.6667,0.6154,0.6875,"[[7, 2], [3, 4]]"
LogisticRegression,6,1,26,0.8095,0.5714,0.8,0.6667,0.75,"[[8, 1], [3, 4]]"
XGBoost,6,2,27,0.8254,0.7143,0.8333,0.7692,0.8125,"[[8, 1], [2, 5]]"
LogisticRegression,6,2,27,0.8571,0.5714,0.8,0.6667,0.75,"[[8, 1], [3, 4]]"
XGBoost,6,3,28,0.8333,0.8571,0.6,0.7059,0.6875,"[[5, 4], [1, 6]]"
LogisticRegression,6,3,28,0.9048,0.8571,0.75,0.8,0.8125,"[[7, 2], [1, 6]]"
XGBoost,6,4,29,0.7143,0.7143,0.625,0.6667,0.6875,"[[6, 3], [2, 5]]"
LogisticRegression,6,4,29,0.7937,0.5714,0.6667,0.6154,0.6875,"[[7, 2], [3, 4]]"
XGBoost,6,5,30,0.9074,0.8333,0.8333,0.8333,0.8667,"[[8, 1], [1, 5]]"
LogisticRegression,6,5,30,0.9074,0.8333,0.8333,0.8333,0.8667,"[[8, 1], [1, 5]]"
XGBoost,7,1,31,0.7698,0.5714,1.0,0.7273,0.8125,"[[9, 0], [3, 4]]"
LogisticRegression,7,1,31,0.746,0.5714,0.8,0.6667,0.75,"[[8, 1], [3, 4]]"
XGBoost,7,2,32,0.7619,0.7143,0.625,0.6667,0.6875,"[[6, 3], [2, 5]]"
LogisticRegression,7,2,32,0.9048,0.8571,0.75,0.8,0.8125,"[[7, 2], [1, 6]]"
XGBoost,7,3,33,0.7698,0.8571,0.6,0.7059,0.6875,"[[5, 4], [1, 6]]"
LogisticRegression,7,3,33,0.7302,0.7143,0.8333,0.7692,0.8125,"[[8, 1], [2, 5]]"
XGBoost,7,4,34,0.7302,0.7143,0.8333,0.7692,0.8125,"[[8, 1], [2, 5]]"
LogisticRegression,7,4,34,0.9048,0.7143,0.7143,0.7143,0.75,"[[7, 2], [2, 5]]"
XGBoost,7,5,35,0.7963,0.8333,0.5556,0.6667,0.6667,"[[5, 4], [1, 5]]"
LogisticRegression,7,5,35,0.8148,0.6667,0.6667,0.6667,0.7333,"[[7, 2], [2, 4]]"
XGBoost,8,1,36,0.8095,0.2857,0.5,0.3636,0.5625,"[[7, 2], [5, 2]]"
LogisticRegression,8,1,36,0.8889,0.5714,0.8,0.6667,0.75,"[[8, 1], [3, 4]]"
XGBoost,8,2,37,0.7778,0.7143,0.625,0.6667,0.6875,"[[6, 3], [2, 5]]"
LogisticRegression,8,2,37,0.6984,0.5714,0.6667,0.6154,0.6875,"[[7, 2], [3, 4]]"
XGBoost,8,3,38,0.9206,1.0,0.6364,0.7778,0.75,"[[5, 4], [0, 7]]"
LogisticRegression,8,3,38,1.0,1.0,0.875,0.9333,0.9375,"[[8, 1], [0, 7]]"
XGBoost,8,4,39,0.5873,0.4286,0.6,0.5,0.625,"[[7, 2], [4, 3]]"
LogisticRegression,8,4,39,0.6032,0.4286,0.6,0.5,0.625,"[[7, 2], [4, 3]]"
XGBoost,8,5,40,0.9074,1.0,0.8571,0.9231,0.9333,"[[8, 1], [0, 6]]"
LogisticRegression,8,5,40,0.8889,0.8333,0.8333,0.8333,0.8667,"[[8, 1], [1, 5]]"
XGBoost,9,1,41,0.7619,0.4286,0.75,0.5455,0.6875,"[[8, 1], [4, 3]]"
LogisticRegression,9,1,41,0.9365,0.8571,0.75,0.8,0.8125,"[[7, 2], [1, 6]]"
XGBoost,9,2,42,0.7698,0.8571,0.75,0.8,0.8125,"[[7, 2], [1, 6]]"
LogisticRegression,9,2,42,0.7778,0.7143,0.7143,0.7143,0.75,"[[7, 2], [2, 5]]"
XGBoost,9,3,43,0.7937,0.7143,0.8333,0.7692,0.8125,"[[8, 1], [2, 5]]"
LogisticRegression,9,3,43,0.9524,0.5714,1.0,0.7273,0.8125,"[[9, 0], [3, 4]]"
XGBoost,9,4,44,0.8571,0.7143,0.8333,0.7692,0.8125,"[[8, 1], [2, 5]]"
LogisticRegression,9,4,44,0.8571,0.7143,0.7143,0.7143,0.75,"[[7, 2], [2, 5]]"
XGBoost,9,5,45,0.8148,0.8333,0.7143,0.7692,0.8,"[[7, 2], [1, 5]]"
LogisticRegression,9,5,45,0.7963,0.6667,0.5714,0.6154,0.6667,"[[6, 3], [2, 4]]"
XGBoost,10,1,46,0.7143,0.5714,0.6667,0.6154,0.6875,"[[7, 2], [3, 4]]"
LogisticRegression,10,1,46,0.746,0.5714,0.5714,0.5714,0.625,"[[6, 3], [3, 4]]"
XGBoost,10,2,47,0.7381,0.7143,0.8333,0.7692,0.8125,"[[8, 1], [2, 5]]"
LogisticRegression,10,2,47,0.8889,0.7143,0.7143,0.7143,0.75,"[[7, 2], [2, 5]]"
XGBoost,10,3,48,0.7302,0.7143,0.625,0.6667,0.6875,"[[6, 3], [2, 5]]"
LogisticRegression,10,3,48,0.7778,0.7143,0.7143,0.7143,0.75,"[[7, 2], [2, 5]]"
XGBoost,10,4,49,1.0,1.0,0.875,0.9333,0.9375,"[[8, 1], [0, 7]]"
LogisticRegression,10,4,49,0.9683,0.7143,1.0,0.8333,0.875,"[[9, 0], [2, 5]]"
XGBoost,10,5,50,0.8333,0.6667,0.5714,0.6154,0.6667,"[[6, 3], [2, 4]]"
LogisticRegression,10,5,50,0.8333,0.8333,0.7143,0.7692,0.8,"[[7, 2], [1, 5]]"
